<?xml version="1.0" encoding="UTF-8"?><!DOCTYPE hibernate-configuration PUBLIC "-//Hibernate/Hibernate Configuration DTD 3.0//EN" "http://www.hibernate.org/dtd/hibernate-configuration-3.0.dtd">
<hibernate-configuration>
	<session-factory>
		<property name="hibernate.dialect">org.hibernate.dialect.SQLServerDialect</property>
		<property name="hibernate.connection.driver_class">com.microsoft.sqlserver.jdbc.SQLServerDriver</property>
		<property name="hibernate.connection.url">jdbc:sqlserver://localhost:1433;DatabaseName=movietheaterdb2;</property>
		<property name="hibernate.connection.username">sa</property>
		<property name="hibernate.connection.password">123456</property>
		<property name="show_sql">true</property>
		<property name="hibernate.hbm2ddl.auto">update</property>
		<mapping class="fa.training.entities.Movie" />
		<mapping class="fa.training.entities.Type" />
		<mapping class="fa.training.entities.MovieType" />
	</session-factory>
</hibernate-configuration>

